split	n_rows	n_patients	n_never	n_ever	ever_ratio	never_ratio
train	315	315	44	271	0.8603174603174604	0.13968253968253969
validation	79	79	11	68	0.8607594936708861	0.13924050632911392
test	99	99	14	85	0.8585858585858586	0.1414141414141414
